{"loss": [5.515260219573975, 4.542231559753418, 4.0545148849487305, 3.7013633251190186, 3.357414484024048, 3.0240652561187744, 2.7030375003814697, 2.3829989433288574, 2.0627548694610596, 1.7592889070510864, 1.474252462387085, 1.2308506965637207, 1.0218712091445923, 0.8533974289894104, 0.7176001071929932, 0.6105619668960571, 0.5230357050895691, 0.4522861838340759, 0.39355507493019104, 0.34574761986732483], "accuracy": [0.09551495313644409, 0.151162788271904, 0.23089700937271118, 0.2865448594093323, 0.3056478500366211, 0.3247508406639099, 0.3621262311935425, 0.43853819370269775, 0.5199335813522339, 0.5913621187210083, 0.7076411843299866, 0.7740863561630249, 0.8380398750305176, 0.8795680999755859, 0.9028239250183105, 0.9327242374420166, 0.9476743936538696, 0.9543189406394958, 0.9617940187454224, 0.970099687576294]}